Date,InterestRate
1/1/2015,0.11
2/1/2015,0.11
3/1/2015,0.11
4/1/2015,0.12
5/1/2015,0.12
6/1/2015,0.13
7/1/2015,0.13
8/1/2015,0.14
9/1/2015,0.14
10/1/2015,0.12
11/1/2015,0.12
12/1/2015,0.24
1/1/2016,0.34
2/1/2016,0.38
3/1/2016,0.36
4/1/2016,0.37
5/1/2016,0.37
6/1/2016,0.38
7/1/2016,0.39
8/1/2016,0.4
9/1/2016,0.4
10/1/2016,0.4
11/1/2016,0.41
12/1/2016,0.54
1/1/2017,0.65
2/1/2017,0.66
3/1/2017,0.79
4/1/2017,0.9
5/1/2017,0.91
6/1/2017,1.04
7/1/2017,1.15
8/1/2017,1.16
9/1/2017,1.15
10/1/2017,1.15
11/1/2017,1.16
12/1/2017,1.3
1/1/2018,1.41
2/1/2018,1.42
3/1/2018,1.51
4/1/2018,1.69
5/1/2018,1.7
6/1/2018,1.82
7/1/2018,1.91
8/1/2018,1.91
9/1/2018,1.95
10/1/2018,2.19
11/1/2018,2.2
12/1/2018,2.27
1/1/2019,2.4
2/1/2019,2.4
3/1/2019,2.41
4/1/2019,2.42
5/1/2019,2.39
6/1/2019,2.38
7/1/2019,2.4
8/1/2019,2.13
9/1/2019,2.04
10/1/2019,1.83
11/1/2019,1.55
12/1/2019,1.55
1/1/2020,1.55
2/1/2020,1.58
3/1/2020,0.65
4/1/2020,0.05
5/1/2020,0.05
6/1/2020,0.08
7/1/2020,0.09
8/1/2020,0.1
9/1/2020,0.09
10/1/2020,0.09
11/1/2020,0.09
12/1/2020,0.09
1/1/2021,0.09
2/1/2021,0.08
3/1/2021,0.07
4/1/2021,0.07
5/1/2021,0.06
6/1/2021,0.08
7/1/2021,0.1
8/1/2021,0.09
9/1/2021,0.08
10/1/2021,0.08
11/1/2021,0.08
12/1/2021,0.08
1/1/2022,0.08
2/1/2022,0.08
3/1/2022,0.2
4/1/2022,0.33
5/1/2022,0.77
6/1/2022,1.21
7/1/2022,1.68
8/1/2022,2.33
9/1/2022,2.56
10/1/2022,3.08
11/1/2022,3.78
12/1/2022,4.1
1/1/2023,4.33
2/1/2023,4.57
3/1/2023,4.65
4/1/2023,4.83
5/1/2023,5.06
6/1/2023,5.08
7/1/2023,5.12
8/1/2023,5.33
9/1/2023,5.33
10/1/2023,5.33
11/1/2023,5.33
12/1/2023,5.33
1/1/2024,5.33
2/1/2024,5.33
3/1/2024,5.33
4/1/2024,5.33
5/1/2024,5.33
6/1/2024,5.33
7/1/2024,5.33
8/1/2024,5.33
9/1/2024,5.13
10/1/2024,4.83
11/1/2024,4.64
12/1/2024,4.48
1/1/2025,4.33
2/1/2025,4.33
3/1/2025,4.33
4/1/2025,4.33
5/1/2025,4.33
6/1/2025,4.33
7/1/2025,4.33
8/1/2025,4.33
9/1/2025,4.22
10/1/2025,4.09
11/1/2025,3.88
12/1/2025,3.72
